<annotation>
	<folder>Images Dimmer Connected</folder>
	<filename>Image 14.jpg</filename>
	<path>D:\desktop\hackathonImages\Images\Images Dimmer Connected\Image 14.jpg</path>
	<source>
		<database>Unknown</database>
	</source>
	<size>
		<width>2016</width>
		<height>1512</height>
		<depth>3</depth>
	</size>
	<segmented>0</segmented>
	<object>
		<name>dimmer</name>
		<pose>Unspecified</pose>
		<truncated>1</truncated>
		<difficult>0</difficult>
		<bndbox>
			<xmin>1382</xmin>
			<ymin>861</ymin>
			<xmax>1907</xmax>
			<ymax>1512</ymax>
		</bndbox>
	</object>
</annotation>
